Link,Title,Location
47883438,㈜푸드테크 상반기 신입/경력 전부문 채용,서울  강남구
48147304,㈜우진플라임 부문별 인재채용,충북  보은군
48140485,[에듀테크 스타트업] 세일즈 영업 담당 대규모 채용,서울  영등포구
48142020,반도체 장비 유지보수 엔지니어 외 각부문 채용,경기  화성시
48165855,2024 명화공업 및 관계사 수시 채용 (신입 및 경력),서울  금천구
48215491,신입 및 경력직원 채용공고,경기  군포시
48151954,[코스닥] ㈜에코앤드림 2024년 부문별 신입/경력 채용,충북  청주시 흥덕구
48190123,2024년도 키다리그룹 제11기 대졸(정규직) 신입사원 공개채용,서울  송파구
48183605,(주)시아스 신입 및 경력사원 모집,서울  송파구
48192757,에너지머티리얼즈 신입 및 경력 사원모집,경북  포항시
48196828,캐논코리아 각 부문 채용,서울  강남구
48036328,(슈카월드) 자료조사 + 리서치 담당 사원 모집,서울  서초구
48178584,태형리싸이클링(주) 각 사업소 신입 및 경력사원 모집,경북  김천시
48137843,(주)리만코리아 경력 및 신입 채용 (서울/대구),서울  강남구
46858808,제주 드림타워 복합리조트 [카지노&호텔] 대규모 공개 채용,제주  제주시
48193791,㈜윤성에프앤씨 각분야 신입/경력사원 모집 (PM/R&D/설계/PLC등),경기  안성시
47887900,2024년 해커스 교육그룹 [신입/경력] 각 부문별 채용공고,서울  서초구
47327498,(주)아모텍 각 부문별 신입사원 모집,서울  서초구
47717635,2024년 서울랜드 각 부문 신입 및 경력 채용,경기  과천시
48193461,2024년 각 부문별 신입·경력직원 모집,울산  북구
48201522,(Python/AWS) Back-end 개발 경력 채용,서울  금천구
47888867,[재택근무] REACT · PHP · PYTHON 개발자 채용,서울  양천구
47845294,소프트웨어 개발 (Java&Python) 신입 및 경력 모집,서울  강남구
48095047,[AI] Python JAVA 머신러닝 개발자 모집,대전  유성구
48128539,"2024년 데이터분석, 개발 (Python/JAVA/SAS) 정규직 채용",대전  유성구
48114742,[수원] IT 솔루션 스타트업 Python 개발자 채용,경기  수원시 팔달구
48104247,차량용 S/W Test 자동화 개발(Python) 및 검증,인천  서구
48052724,국내 광고 포털 유지 보수 및 신규 서비스 개발 (Python),서울  강남구
48141997,"백엔드 개발자 (Python, Django)",서울  강남구
46604451,[파운트/핀테크] RA(로보어드바이저) 백엔드 개발자(Python),서울  중구
48201360,기획연구 및 python 활용 빅데이터 분석,서울  강서구
48204052,머신비전 인공지능 개발자 모집 (Python),서울  구로구
48062996,Python 백엔드 개발자 모집,경기  수원시 영통구
48177537,2024 하반기 Python 경력무관 채용 공고,서울  구로구
48095071,"[AI] Python JAVA 머신러닝 개발자 모집(석,박사 모집)",대전  유성구
48147986,특허/상표 데이터 등 분석(Python) 및 사업 기획 모집,서울  강남구
47730436,이커머스 솔루션 Python Backend 개발자,서울  강남구
48007574,데이터 스크래핑/API연동 개발자 (Python),서울  강남구
42858559,Backend Junior Engineer (Python / PHP),서울  강남구
48066863,[가산동/주5일] 명품이커머스/ python 백엔드 주니어 개발자 채,서울  금천구
47728209,"코박(Cobak) 백엔드 개발자 [3년 이상](Python,Django)"," 경기전체"
48025474,"소프트웨어 개발자(C#, Python) 모집공고",대전  유성구
47819117,"백엔드 개발자 Node.js, Python/5년 이상",서울  강남구
48215333,파이썬(Python) 프로그램 개발자 모십니다,서울  강남구
48190555,백엔드 엔지니어 (Python) 채용,서울  강남구
48068476,"백엔드 서버개발자 정규직 채용 ( MySQL , C언어 , Python )",서울  송파구
48043399,"프로그래밍(JAVA, Python) / 디자인 / OA / 회계 분야 강사 채용",충북  청주시 상당구
47996624,마스코리아주식회사 Python 시스템개발자 신입 채용,서울  강남구
47982395,Python 개발 신입/경력 채용,경기  고양시 일산서구
48123584,[EBIT] AI Trainer - Python 개발자 채용 (재택근무 / 파트타임),서울  강남구
47937827,"[정규직] 차량제어시스템 개발(C, Python, CAN통신)",경기  안양시 동안구
48045044,"소프트웨어 개발자 (사용언어 C , python)",대전  유성구
48136992,"Linux/Unix C, C++, Python 개발자 신입/경력 모집",서울  송파구
48050500,2024년 상반기 Python개발자 신입/경력직 모집,대전  유성구
48176413,Python AI개발자 구인,서울  서초구
48075278,[테크빌교육] 웹개발(Java/Python) 및 운영업무 팀장급 채용,서울  강남구
48202274,Python을 활용한 웹 서비스 개발자 모집,서울  금천구
47812963,APP 개발(Python) 경력직 모집," 서울전체"
48197566,SNS 마케팅 서비스 개발 (Python/계약직) 경력사원 채용,경기  성남시 수정구
48082162,"[연구소] 마케팅 솔루션 개발 경력 채용 (Java, Python)",서울  금천구
48091379,자바/파이썬 경력 개발자 증원 채용 (10년 이하),서울  금천구
48188390,글로벌 금융 기업 Python Development : Global Project Leader,서울  종로구
48003627,Python application & Algorithm 개발자,서울  강남구
48197901,(주)버블콘 Python 개발자 채용,서울  구로구
47138635,[울산] 영상처리 개발자 (Python)," 울산전체"
48219530,"서비스/플랫폼 백엔드 개발(Java/Python, DevOps)",경기  성남시 분당구
48006435,풀스택 엔지니어(Web/Python/Django),서울  마포구
45931103,"웹개발자(Python, DJango)",서울  성동구
46846645,"C#, C++, Python, Arduino, Raspberry Pi 개발자"," 서울전체"
48196675,python 개발자(5년 이상),서울  서초구
48217312,"웹개발자(JAVA, 파이썬 )모집",서울  동대문구
47996684,마스코리아주식회사 Python 시스템개발자 경력 채용(팀장),서울  강남구
48089666,웹개발자 (JAVA PYTHON) 경력 채용,서울  금천구
48138095,[Python] Python 프로그래머 계약직 채용,경기  성남시 분당구
47986672,[인천 송도 근무] 파이썬 개발자 사원 채용,인천  연수구
48175401,"게임 데이터분석 담당/SQL, Tableau, Python/세계적인 게임사",경기  성남시 분당구
47373757,Back-End Engoneer (Python/Django),서울  마포구
45585888,백엔드 개발자 (Python),서울  강남구
48153567,Vision/MFC/C# Python Tensorflow CUDA yolo v8 개발직,충남  천안시 동남구
48123476,헬스케어 인공지능 회사 - IT 파이썬 자바 경력 개발자,서울  강서구
48176147,[경력] Full stack 개발자/React/Python,서울  금천구
48221622,"머신비전  개발자 , C/C++/C#, OpenCV, MIL, PYTHON, 딥러닝, AI",경기  용인시 기흥구
47959747,경력직 풀스택 개발자(ReactJS/Nodejs/Python/PHP 등) 구인공고,경기  고양시 일산동구
48083445,(전액무료)빅데이터 융합 자바&파이썬 인공지능(AI) 풀스택 개발자 양성과정,서울  구로구
48186357,[상장기업] RF Application Engineer (python가능자) (대리~부장,서울  강남구
48052894,"SQA/자동화(CAPL, Python) 정규직 채용(신입/경력) - 대전근무",대전  유성구
48020165,반도체 장비의 공정 데이터 분석 시스템 개발자(Python),경기  성남시 분당구
48175210,"S/W개발(Python, C++)",경기  화성시
48060840,리걸테크 스타트업에서 '파이썬 백엔드 개발자님'을 모십니다.,서울  강서구
48193580,"[앱 개발자(JAVA, RDBMS, ibatis, mybatis, Python, Flutter)]",광주  광산구
48195678,[학원강사] 파이썬 프리랜서 강사 채용,대구  달서구
48213160,"Python, C++개발",경기  화성시
48177521,2022 하반기 Python 경력무관 채용 공고,서울  강북구
46701127,파이썬 프로그램 개발자,서울  성동구
48201893,AI( R / Python )개발 5년이상,서울  강남구
48197000,PYTHON 가능 SW 개발자 모집,울산  중구
48126747,Python 백엔드 경력자 채용,서울  송파구
48197843,"LLM(DL 프레임워크,Python,파이프 라인,클라우드/컨테이너)",서울  서초구
48219520,"AI 데이터 기술 연구 및 개발(Python, R, SQL 등)",서울  서초구
47969072,"[딥러닝 개발] 컴퓨터비전/딥러닝 개발자 경력 채용 (C#,Python)",경기  화성시
48158134,[코스닥상장사] 신입/경력 공개채용,경기  성남시 중원구
48026686,엑시온랩스(주) 파이썬 개발자 모집,대구  달서구
48196653,풀무원 각 부문 경력•신입 모집,서울  강남구
48152839,2024년 2/4분기 효성그룹 신입·경력사원 채용,서울  마포구
48164265,파이썬 개발자 모집(로봇 사격표적),대전  유성구
48123519,파이썬 개발자,서울  종로구
48036349,[현대케피코] 2024 경력 상시채용,경기  군포시
48195758,[정규직/연봉상향조정/강남역] 파이썬 시스템 개발 팀장 채용,서울  강남구
48106994,파이썬 개발자를 구인합니다. 신입/경력 채용,경기  과천시
48207421,2024년 코오롱그룹 5월 정기공채,경기  과천시
48200226,"파이썬, 각종 API 연동가능 풀스택 개발자",경기  성남시 수정구
47996956,[FDX] 보안사업부 파이썬 개발 기술 지원 인력 공고,서울  관악구
48214020,"c언어, 파이썬 프로그래밍언어 프리랜서파트타임강사",대구  북구
48190194,2024년 아성그룹(아성다이소 및 관계사) 신입/경력사원 수시 채용,서울  강남구
48141340,파이썬 개발자 과정 강사 채용,경기  성남시
48141252,Embedded SW Engineer/임베디드(파이썬 Flask) 개발자,서울  마포구
48123492,"[HL만도] 2024년 신입/경력 채용(판교,평택,원주,인도 첸나이)",경기  평택시
47905739,[하이미디어안산점] 파이썬 강사 모집,경기  안산시 단원구
48187790,[씨그로] 파이썬 개발자 모집 (1-3년),서울  강남구
48116278,한국자동차연구원 정직원 채용 공고,충남  천안시
47733346,파이썬 개발자 (5년차 이상),서울  서초구
48170657,"AI 음성연구 S/W 개발자(파이썬, 딥러닝)"," 서울전체"
48211161,[HL홀딩스] 24년 부문별 경력사원 채용,서울  송파구
48137797,비파괴검사 AI 솔루션 및 파이썬 모듈 개발자 (프리랜서) 구인,경기  성남시 분당구
48213685,(주)경신 2024년 부문별 경력/신입사원 수시채용,인천  연수구
48213313,"파이썬 개발자 경력 모집공고 - 정규직, 계약직",서울  금천구
48168460,2024년 KLA Customer Support Engineer 인턴 및 정규직(신입/경력) 채용,경기  화성시
48217977,"(병점) 직업훈련교사 자바,파이썬,RPA 응용SW개발",경기  화성시
48165855,2024 명화공업 및 관계사 수시 채용 (신입 및 경력),서울  금천구
48115404,도미노피자 각 부문(자회사 포함) 공개 채용,서울  강남구
48173332,상반기 신입/경력 직원 수시채용,서울  영등포구
48118768,2024년 상반기 신입·경력사원 채용,서울  서초구
48135527,[주 3일 원격근무] 비상교육 전체직무 상시채용,경기  과천시
48145020,㈜아이센스 2024년 신입/경력 대규모 채용,서울  서초구
48166156,2024 상반기 신입 및 경력사원 채용,경기  용인시 기흥구
48213417,[IT 분야] 2024 AI 혁신 우수인재 채용,서울  서초구
47803481,㈜위즈코리아/㈜위즈COK '24년 상반기 신입/경력 사원 모집,서울  강서구
48186632,[AhnLab 합작회사] Network Engineer(사우디아라비아 근무),아시아·중동  사우디아라비아
48163273,코나아이㈜ 경력사원 대규모 채용,서울  영등포구
48120291,파이썬 기반의 내비게이션 테스트 자동화 스크립트 개발-정규직,서울  성동구
48185037,한솔PNS IT부문 상반기 채용,서울  강서구
48216255,[사세확장] 각 부서별 정규직 채용,경기  김포시
48076268,2024년 ㈜티시스아이티 부문별 경력사원 모집,서울  중구
48111933,[시냅스 이미징] 각 부문 신입 / 경력 채용,경기  군포시
47389370,2024년 대양전기공업㈜ 신입/경력 채용,부산  사하구
48097181,2024년 5월 국내 및 해외 전부문 수시 채용,충남  천안시 동남구
48206666,"[아정]백엔드, 프론트엔드, Devops등 개발 전직군 채용",서울  강남구
48204874,CAE 엔지니어 모집,서울  중구
48102680,2024년 5월 NE능률 신입 및 경력(수시) 채용,서울  마포구
48193791,㈜윤성에프앤씨 각분야 신입/경력사원 모집 (PM/R&D/설계/PLC등),경기  안성시
48179900,[삼성SDS 자회사](주)시큐아이 상반기 신입사원 공개채용,서울  종로구
48187453,2024년 한화정밀기계 각 부문 경력직 채용,경기  성남시 분당구
48093584,2024년 신입 및 경력 채용,경기  성남시 분당구
48204241,[KCC글라스] 경력 사원 수시 채용,서울  서초구
47883438,㈜푸드테크 상반기 신입/경력 전부문 채용,서울  강남구
48041963,[348억 투자 유치/IPO추진기업] [이그니스]랩노쉬 2024 공개채용,서울  성동구
48137843,(주)리만코리아 경력 및 신입 채용 (서울/대구),서울  강남구
48192944,"밸류플러스, 밸류플러스테크놀러지, 밸류플러스 베트남, 스마트바이 각 부문별 인재모집",경기  성남시
48126720,상반기 대규모 공개채용,서울  강남구
47590177,2024년도 각 부문 신입/경력 채용공고," 서울전체"
48184813,각 부문별 신입 및 경력사원 모집,경기  성남시 분당구
48082234,포항공과대학교 포항가속기연구소 직원 채용(연구/기술/행정),경북  포항시
48163587,2024년 상반기 경력직 수시채용,서울  중구
47370206,2024년 상반기 각 부문 신입/경력 상시 채용,서울  서초구
48103965,엔씨소프트 전 부문 수시 채용,경기  성남시 분당구
48135762,H&iruja 신입/경력 채용,충남  아산시
48212703,[Cloud 분야] 2024 AI 혁신 우수인재 채용,서울  종로구
48153149,현대위아 경력사원 상시채용,경기  의왕시
48191377,에이엠㈜ 신입/경력 채용 모집,경기  과천시
48216373,2024년 고려특수선재 신입/경력사원 채용,경남  양산시
48212137,[AI 분야] 2024 AI 혁신 우수인재 채용,서울  서초구
48213049,[Data 분야] 2024 AI 혁신 우수인재 채용,서울  종로구
47740524,[kt ds] 2024년 각 부문별 경력사원 상시채용,서울  서초구
48179198,[고영테크놀러지] 각 부문 경력 사원 모집,경기  용인시 수지구
48186303,반도체 Auto P&R Engineer,충북  청주시 청원구
48090548,"[앤씨앤/넥스트칩] 2024년 5월 연구소, 영업마케팅 각 부문 모집",경기  성남시 분당구
48203571,나이스피앤아이 2024년 2분기 공개채용,서울  영등포구
48089841,(주)리파인 각 부문별 신입/경력 채용공고,서울  강남구
48121635,2024년 각 부문별 신입/경력 채용,대전  유성구
48171998,[커넥트웨이브] 플레이오토 각 부문별 수시채용(신입/경력),서울  구로구
48178501,(주)앰진 IT 백엔드 신입·경력 채용공고,서울  송파구
48072082,[면접비 지급] 인공지능 기반 머신비전 연구개발,경기  화성시
47992938,[초급경력자] Java Web 개발자 모집 [주4일 출근제 도입],서울  강남구
48178152,"[광고 추천팀] 서버/백엔드 개발자 (경력 3년 미만, 병역특례가능)"," 서울전체"
48193610,2024년도 YC-EXICON-SEMCNS GROUP 상반기 신입사원 공개채용,경기  성남시 분당구
48195583,서울아산병원 Digital Medicine Lab. 연구원 모집,서울  송파구
47856022,[넛지헬스케어] 백엔드개발 채용전환형 인턴,서울  강남구
47856969,패널빅데이터센터 데이터사이언스팀 데이터 분석가(신입/경력),서울  강남구
48203651,[동아일보] 백엔드 서비스 개발 인턴 ND 모집,서울  종로구
48123638,[직영] DYB최선어학원 각 부문 STAFF 모집,서울  강남구
48183253,2024년 제2차 기간제 직원 채용,서울  영등포구
48192701,"현대자동차 협력사 (주)마바산업 신입/경력(엔지니어, 디자인외)",서울  강남구
47922425,웹 개발(부산) 채용공고,부산  해운대구
48163489,헥토이노베이션 직군별 인재 모집,서울  강남구
48148199,[Thundersoft Korea] 2024년 Software Engineer 채용,경기  성남시 분당구
48192387,[대학교 학식예약 야미팀]  긍정적인 개발자 모십니다,서울  마포구
48175939,웹개발자 채용(정규직),경기  성남시 분당구
48031100,[서울/신입 또는 경력 1년 이상] 데이터분석팀 - 데이터 분석가,서울  강남구
47939526,[대전]리튬팩 전문기업 전부문 경력직 모집 (품질/영업/SW개발),대전  유성구
48182107,2024년도 07월 별정직(계약직) 직원 모집,충남  천안시
48074735,"IT 웹/서버, 클라우드 프로그램 개발자 모집(신입/경력)",경기  용인시
48214245,(주)뱅코 개발1팀 백엔드 개발,서울  강남구
48182093,[SPOTV] 스포츠데이터 개발 담당 채용,서울  마포구
48221475,(주)우보재난시스템 S/W H/W 유지보수 (신입·경력),경기  성남시 중원구
47669139,차량SW · ICT · 경영지원 부문 채용,서울  강남구
48101462,[하나금융그룹 자회사] 경력직 수시 채용,서울  중구
48184524,"[아이.엠 택시] 데이터분석가 빅데이터, AI 머신러닝 개발 모집",서울  성동구
48142359,(정규)2024년 SW 개발자 경력/신입 채용,서울  강서구
48188684,[NARASPACE] (서울) 초소형위성 스타트업 나라스페이스 공개채용,서울  영등포구
48192554,이커머스 솔루션 웹 Frontend 개발자,서울  강남구
48115151,부문별 우수 인재 모집,충북  청주시
48142094,전 부문 채용,경기  성남시 분당구
48150566,한국M&A거래소에서 우수한 임직원 채용,서울  영등포구
48123748,[㈜테크웨이즈]각 부문별 신입·경력사원 모집(장애인 채용포함),경기  용인시 수지구
48215623,2024년 상반기 각 부문별 신입/경력 모집,경기  화성시
48207539,DBMS 연구 개발자 모집,서울  강남구
48161559,2024년 ㈜메디씽큐 각 부문 신입 및 경력 채용,경기  성남시
48211745,Microsoft 365 Engineer 및 Microsoft Server Engineer 대규모 채용,서울  종로구
47864362,엠아이큐브솔루션 신입/경력 모집,서울  서초구
47867029,[첫차]와 함께 할 데이터 분석 매니저를 찾습니다.,서울  강남구
47871068,[원익IPS] 반도체장비 설계 엔지니어 인재풀 공고,경기  평택시
48170168,"Staff, Back-end Engineer (IT Innovation)",서울  강남구
48168589,[신입/경력] 전산 ERP 개발 PM 및 팀원 모집 공고,경기  화성시
48158365,두산테스나 Test개발팀 경력사원 채용,경기  안성시
47807276,[국비무료IT취업]자바/웹앱/프론트·백엔드/풀스택/빅데이터 외," 서울전체"
48207526,[네오플] 프로그래밍/기술지원 직군 분야별 모집,제주  제주시
48207519,[네오플] 게임그래픽 직군 분야별 모집,제주  제주시
48170835,TMS플랫폼 Web Back-end 개발 경력 채용,서울  금천구
48218023,[주식회사 테크로스] 2024년 상반기 신입 및 경력 채용,부산  강서구
47971622,[쿠팡] 쿠팡플레이 QA 엔지니어 (경력),서울  송파구
48212405,[아프리카TV] 디자인 엔지니어,경기  성남시 분당구
48048993,데이터엔지니어 / 빅데이터 서비스 개발,강원  춘천시
48111284,[반도체 IC칩] ASIC Design Engineer (신입),경기  수원시 영통구
48000288,[메이플그룹] 데이터 엔지니어 (DW),경기  성남시 분당구
48138011,[쿠팡] 쿠팡플레이 미디어 자동화 소프트웨어 엔지니어 (경력),서울  송파구
48150581,(주)마크로젠 임상분석부 인턴(정규직 전환형) 채용,서울  금천구
48102393,Datacenter Engineer (사원  ~ 과장급),서울  강남구
48154815,[신한은행X더존비즈온] 테크핀레이팅스 재무회계,서울  중구
48192363,(주)네패스 IT직무 대규모 수시채용 공고,충북  청주시 청원구
48125108,[BD Korea] SCM Manager (물류/SCM/CI),서울  강남구
48172716,[쿠팡] Senior Business Analyst (Price Sharpness Inspection),서울  송파구
48154874,레이더 시스템 개발 연구원 초빙,경북  포항시 남구
48151829,[인텔리전스랩스] 탐지솔루션실 데이터 엔지니어 채용,경기  성남시 분당구
48197536,한국소니전자(주) 소프트웨어 설계 인턴사원 모집,경남  창원시
48170923,[(주)에스에이치엘] 기획본부 신입/경력 정규직 채용,경기  하남시
48048303,백엔드개발팀 백엔드개발자 (주니어),서울  중구
48097657,2024 (주)샌즈랩 신기술개발부(AI개발) 연구원 모집,경기  과천시
48169842,Senior Security Analyst (CERT),서울  송파구
48078010,S/W개발 신입 및 경력직원 채용," 경기전체"
48208187,[(주)콤텍시스템] Web/WAS 엔지니어 채용,대전  유성구
48192452,㈜베이직테크 기업연구소 연구원 모집,서울  강서구
48083532,생물정보분석(Bioinformatics) 직원 채용(신입/경력),서울  강서구
47954130,"버넥트 본사 근무자 채용(연구, 개발)",서울  용산구
48081761,혁신신약연구센터 AI신약설계팀 팀원,서울  강남구
48153305,[NHN Cloud] 실시간 보안관제 (교대근무),경남  김해시
48158256,두산테스나 Test기술2팀 경력사원 채용,경기  안성시
47954841,IT Infra팀 인프라 엔지니어 모집 (경력 5년 이하),서울  강남구
48097295,2024 (주)샌즈랩 제품사업부(웹개발자) 모집,경기  과천시
47947970,[커넥트웨이브] 다나와 각 부문별 수시채용 (신입/경력),서울  양천구
48111029,데이터분석가," 서울전체"
48144779,[코스닥상장사] 클라우드 시스템 엔지니어 채용,서울  송파구
48105487,DevOps Engineer,서울  성동구
48146682,[뉴로메카] 현장기술본부 - IndyPD/CS팀/Admin 채용 공고,경북  포항시 북구
48170770,국립암센터 암데이터 생물정보학연구실 연구원 모집,경기  고양시 일산동구
48024172,(주)덱스터스튜디오 VP본부 채용,서울  마포구
48065094,(경력) 사내 정보보안 담당자(실무자/팀원급),서울  구로구
48181848,차세대연구소 신입 및 경력 모집(설계/HW/SW알고리즘/광학),경기  성남시 중원구
48200811,국립암센터 인공지능사업팀 과제연구원(학사 이상) 채용,경기  고양시 일산동구
48099133,"[쿠팡CFS] 물류 자동화 로봇(AGV,AMR) S/W 엔지니어",대구  달성군
48135955,ITEASY 시스템 개발팀 신입&경력 채용,서울  서초구
48172014,[MUSINSA] CRM 마케터 (CRM운영파트) 인재 영입,서울  성동구
48190831,[AI 기술 개발] 부문 신입/경력 채용 (전문연구요원 채용 가능),경기  성남시 분당구
48142224,웹 솔루션 백엔드 신입 및 경력직 개발자 채용,서울  마포구
48192264,생성형 AI 컨설턴트 및 엔지니어 채용,서울  강남구
47839677,[LG그룹]DW 데이터엔지니어 경력 채용,서울  마포구
48049319,System Engineer 분야별 경력 채용,경기  용인시 수지구
48154988,경영지원 데이터분석 개발팀원 채용,서울  송파구
48106057,2024 채용연계형 SW전문인재양성 교육생 모집,서울  종로구
48125263,백엔드 개발 정규직 채용,서울  서초구
48113345,컴퓨터 비전 기반 딥러닝 인식 Researcher 모집," 경기전체"
48197027,[2차전지 제조업체] (주)갑진 선행연구팀 엔지니어 모집,경기  수원시 권선구
48004424,㈜마이크로인피니티 대전사업장 정규직 사원 모집,대전  유성구
48149384,[정규직/금요일 재택] 웹개발 경력직 채용 (파트 리더급),서울  서초구
48123919,2024 새론오토모티브 신입사원 채용(정보화IT),충남  천안시 동남구
48089151,[정규직/연봉상향/기숙사] X-ray검사장비 소프트웨어 개발 채용,경기  안산시 단원구
48150647,모바일 백엔드 개발,서울  강남구
48043373,서울 개발팀 각 부문별 채용,서울  영등포구
48186768,(주)레인보우로보틱스 웹 개발자 채용,대전  유성구
48023586,지니언스에서 개발직 인턴을 모집합니다,경기  안양시 동안구
48100100,ITIL/ITSM 과 DevOps 컨설팅 및 로드맵," 서울전체"
48205225,"Application, Back-End 개발 신입/경력 채용",대전  유성구
47977141,[뉴로메카] 인공지능 및 자율주행 로봇 연구원 채용,서울  성동구
48210511,[의료AI기업]연구분야 모집(의공학 / AI / Neuroimaging),서울  강남구
48201336,[신입/경력] AI기반 업무자동화(RPA) 개발자 채용 (UiPath 우대),서울  강남구
48195628,AI 플랫폼 및 웹 개발 신입/경력 채용,서울  구로구
47854864,인프라 운영 관리( 시스템 엔지니어 ) #유연근무#정규직#선릉역,서울  강남구
47855235,"인공지능 빅데이터 개발자 / 정규직 / 경력 - 대리, 과장",서울  강남구
48075721,실시간 데이터 처리 및 웹 개발자 모집," 부산전체"
48102283,스쿨버스 백엔드 개발자 / 클라(Flutter) 개발자(경력1년 이상),서울  강서구
47860712,(주)유니컴퍼니 기업부설연구소 R&D 및 개발 신입 연구원 채용,광주  북구
48157090,HW개발자,서울  서초구
48190805,[신입/경력] 핀테크 웹 개발자 모집,경기  과천시
48101949,[중고나라]데이터 엔지니어 (신입),서울  서초구
48172869,Data Engineer(Senior),서울  성동구
48042866,(주)대건소프트 서버/프론트엔드 개발자 신입 채용,대전  유성구
48066828,[가산동/주5일] 명품이커머스/ 웹 프론트엔드 개발자 채용,서울  금천구
48194371,AI 데이터 라벨링 계약직 모집,대구  수성구
48057420,응용 / 웹 프로그램 / 데이터베이스 개발,서울  금천구
48139986,Linux/Java 기반 AI 서버 개발자 모집,서울  송파구
48097415,마크클라우드 솔루션 개발자 채용 (신입 / 경력),서울  강남구
48130722,디피니트와 함께할 AI research Engineer(LLM)를 모집합니다.,서울  마포구
48216443,"AI 데이터 분석 및 IT인력, 경영기획 사무직 모집",전남  순천시
47822816,Cloud본부 java 개발자 채용 (경력),서울  서초구
48036276,[누적 지원자 3만명 돌파] 패스오더 '백엔드 개발자'를 찾아요,서울  강남구
48034941,"프론트엔드, 풀스택 개발자 채용 - 정규직",서울  성동구
48130998,SOC RTL Design/Verification Enginer,경기  성남시 분당구
48144378,2024년 상반기 채용 공고 (연구개발직) - 대구,대구  달성군
48124938,[패션기업] 비케이브 IT팀 부문별 경력직 채용,서울  마포구
45922967,주니어 데브옵스 엔지니어(DevOps Engineer),서울  서초구
48078748,DevOps/Backend 개발자," 서울전체"
45129232,[신입] 반도체 회로 설계 개발자 채용,서울  강남구
48126217,[C#] Machine Vision 영상처리 개발자 모집,서울  금천구
48157940,[베리타스] IT팀 신입/경력사원 채용,서울  서초구
48102205,Data Analyst (신입-경력 3년 미만),서울  강남구
48201559,Data Scientist 신입/경력 채용,서울  금천구
48127141,"[혹한기 속, 200억 투자유치] 패스오더 '그로스마케터'를 찾아요",서울  강남구
48156508,2024년 상반기 채용 공고 (연구개발직) - 서울,서울  강남구
48104273,[국비무료]HRD취업률100% 무역/물류 관리 교육생 모집," 부산전체"
48144151,[MF] 마케팅본부 팀원(데이터 분석) 채용 공고,서울  마포구
48207629,서비스  백엔드 엔지니어,서울  관악구
48113448,시스템 솔루션 개발자 채용,서울  영등포구
48147517,데이터/AI 기획 및 분석가(신입/경력) 모집,부산  해운대구
48057012,[현대차그룹 SPIN-OFF] 자율주행 Localization And Perception 정규직 채용,경기  수원시 영통구
48212706,전산팀 경력 채용  [주 35시간 근무],서울  서초구
48082976,[부산서면] 365mc 의료 Data AI 사이언티스트 채용 (신입가능),부산  부산진구
48175382,양자컴퓨팅 활용 신약개발 연구원 채용(탄력근무제),서울  영등포구
48154617,코오롱베니트 RedHat/AWS 하이브리드 클라우드 1기 교육생 모집,서울  종로구
48159834,"빅데이터 분석, AI (머신러닝,딥러닝) 가능한 팀원을 충원합니다",경기  김포시
48202043,포스에스엠(팬오션 자회사) IT개발자 채용,부산  중구
48138029,인공지능팀 AI 연구원 모집,인천  연수구
48168154,백엔드 개발자,서울  강남구
48130152,창의적인 소프트웨어 팀을 구성할 인재를 찾습니다(경력),부산  해운대구
48097751,세무 사무원 및 IT 개발자를 채용합니다.,서울  강남구
48200937,S/W 개발자 채용 (경력자우대),부산  강서구
48205481,[한화그룹 계열사/뉴블라] Front-end Engineer,서울  강남구
48158293,서버 인프라 관리자,서울  강남구
48212989,앱(AOS&IOS) 개발자 (정규직&계약직) 경력모집,서울  금천구
48051600,시계열 데이터 엔지니어 및 데이터 분석가,서울  서초구
48190888,AI 응용 데이터 관리 시스템 개발,부산  금정구
48182883,Android/Flutter 개발자 모집,서울  강남구
48219942,긴급) 업계 최고 대기업 - 커머스 플랫폼 Back-end 개발,서울  강남구
48202400,"전산, IT 담당자 채용",경북  경산시
48204762,지역별 SI/SM 프로젝트 안내,서울  강남구
48191808,"[부산대학교, K-디지털] SW 코딩취업 무료교육 수강생 상시모집",부산  금정구
48202220,react 풀스텍 개발," 대전전체"
48138020,"IT 경력직 ""AWS DevOps/서비스기획/백엔드개발/데이터엔지니어""",서울  강남구
48217710,[경북대학교 해양무인기 운용지원센터] 데이터연구원 채용,대구  북구
48209491,백엔드(Backend) 소프트웨어 엔지니어 채용,서울  구로구
48193036,(주)엠에이아이티 기술개발 팀 및 PM 모집,서울  강남구
47975225,"[지능형 로보틱스 플랫폼] 차세대 스마트 디바이스 S/W, 펌웨어",서울  강남구
48205767,딥러닝 / AI 연구 개발자 모집,서울  서초구
47258017,[경기/안산/시흥/인천] 국비지원 교육연수생 모집(취업연수안내),경기  안산시 단원구
48194716,[ADAS/ADS] Vision AI팀 알고리즘 개발 / 데이터 관리,서울  강남구
48167071,포체인스(주) 함께 성장할 프론트엔드 개발자 모집,경기  고양시 일산서구
47946410,급성장 초기 AI 스타트업 수퍼 개발자 신입/경력 채용,서울  관악구
48195543,데이터 분석가 모집,경기  안양시 동안구
48121787,AI 솔루션 개발자 (연구원),서울  강남구
47931007,(주)소프트위즈 DBA 모집,서울  강남구
47774328,AI Data Scientist,서울  서초구
48213252,[TmaxCloud] 클라우드 연구원,경기  성남시 분당구
48215647,Prompt Engineer(Intern),서울  강남구
48154789,[신한은행X더존비즈온] 테크핀레이팅스 웹개발(Back-End),부산  해운대구
48208091,Android(Kotlin) / 백엔드 개발자 채용,서울  강남구
47895808,"연구소 개발자 채용  (학사이상, 석사이상)",서울  구로구
48205558,신입/경력) Software Engineer 개발자 채용,서울  강남구
47902556,상반기 인공지능(AI)·빅데이터 개발부(자연어/이미지 처리),서울  영등포구
48176297,"[일본] IT 개발자 모집 - 신입, 경력",일본
47962920,(주)미스릴 2024 상반기 채용 - AI 서비스 SW 엔지니어,서울  송파구
48197428,Front 및 Backend 개발자 모집,부산  부산진구
48219698,웹에이전시 Node 백엔드 개발자 경력 채용,서울  강남구
